draw_date,winning_numbers,num1,num2,num3,num4,num5,num6
2015-07-18,05 10 16 17 46 48,5,10,16,17,46,48
2015-07-22,08 13 20 44 50 55,8,13,20,44,50,55
2015-07-25,04 08 11 18 33 54,4,8,11,18,33,54
2015-07-29,02 15 18 20 47 58,2,15,18,20,47,58
2015-08-01,05 09 13 31 40 54,5,9,13,31,40,54
2015-08-05,16 21 24 35 43 47,16,21,24,35,43,47
2015-08-08,06 21 27 41 43 56,6,21,27,41,43,56
2015-08-12,06 09 16 21 36 44,6,9,16,21,36,44
2015-08-15,02 21 40 42 49 53,2,21,40,42,49,53
2015-08-19,05 11 23 25 48 58,5,11,23,25,48,58
2015-08-22,01 12 22 31 50 58,1,12,22,31,50,58
2015-08-26,03 24 31 33 41 48,3,24,31,33,41,48
2015-08-29,15 17 25 33 34 37,15,17,25,33,34,37
2015-09-02,08 19 22 31 41 58,8,19,22,31,41,58
2015-09-05,08 12 13 29 43 56,8,12,13,29,43,56
2015-09-09,02 05 08 24 28 41,2,5,8,24,28,41
2015-09-12,13 36 39 40 41 46,13,36,39,40,41,46
2015-09-16,02 31 36 40 46 51,2,31,36,40,46,51
2015-09-19,01 04 20 32 41 58,1,4,20,32,41,58
2015-09-23,01 07 30 31 42 44,1,7,30,31,42,44
2015-09-26,12 14 23 42 55 58,12,14,23,42,55,58
2015-09-30,02 03 23 31 37 55,2,3,23,31,37,55
2015-10-03,08 39 41 54 57 59,8,39,41,54,57,59
2015-10-07,01 09 13 35 49 59,1,9,13,35,49,59
2015-10-10,02 17 26 39 40 41,2,17,26,39,40,41
2015-10-14,13 35 42 47 48 58,13,35,42,47,48,58
2015-10-17,01 09 11 16 19 22,1,9,11,16,19,22
2015-10-21,01 07 10 12 43 48,1,7,10,12,43,48
2015-10-24,01 09 45 51 55 57,1,9,45,51,55,57
2015-10-28,01 16 18 25 28 55,1,16,18,25,28,55
2015-10-31,01 03 12 13 26 49,1,3,12,13,26,49
2015-11-04,12 14 21 45 50 55,12,14,21,45,50,55
2015-11-07,07 12 14 23 37 53,7,12,14,23,37,53
2015-11-11,05 08 09 17 28 48,5,8,9,17,28,48
2015-11-14,03 09 11 16 20 38,3,9,11,16,20,38
2015-11-18,03 30 31 35 37 52,3,30,31,35,37,52
2015-11-21,22 25 34 40 45 46,22,25,34,40,45,46
2015-11-25,13 32 35 42 52 54,13,32,35,42,52,54
2015-11-28,06 14 25 39 44 48,6,14,25,39,44,48
2015-12-02,03 18 26 28 41 53,3,18,26,28,41,53
2015-12-05,05 07 13 17 38 42,5,7,13,17,38,42
2015-12-09,04 05 12 21 32 41,4,5,12,21,32,41
2015-12-12,09 10 11 19 41 58,9,10,11,19,41,58
2015-12-16,15 16 23 30 43 54,15,16,23,30,43,54
2015-12-19,04 17 18 31 34 58,4,17,18,31,34,58
2015-12-23,03 05 08 13 47 55,3,5,8,13,47,55
2015-12-26,16 18 22 28 35 46,16,18,22,28,35,46
2015-12-30,04 11 18 37 51 59,4,11,18,37,51,59
2016-01-02,05 11 28 32 34 35,5,11,28,32,34,35
2016-01-06,21 22 29 32 39 47,21,22,29,32,39,47
2016-01-09,01 10 13 26 33 53,1,10,13,26,33,53
2016-01-13,20 31 34 40 42 54,20,31,34,40,42,54
2016-01-16,09 23 39 41 48 52,9,23,39,41,48,52
2016-01-20,10 16 17 21 33 58,10,16,17,21,33,58
2016-01-23,01 17 21 35 51 52,1,17,21,35,51,52
2016-01-27,10 36 46 48 54 56,10,36,46,48,54,56
2016-01-30,01 24 27 43 48 50,1,24,27,43,48,50
2016-02-03,13 14 20 34 41 49,13,14,20,34,41,49
2016-02-06,01 14 25 37 41 53,1,14,25,37,41,53
2016-02-10,11 14 21 28 40 49,11,14,21,28,40,49
2016-02-13,05 11 15 33 39 40,5,11,15,33,39,40
2016-02-17,04 19 25 46 52 55,4,19,25,46,52,55
2016-02-20,02 24 26 36 43 55,2,24,26,36,43,55
2016-02-24,01 12 15 24 35 41,1,12,15,24,35,41
2016-02-27,01 02 08 17 25 43,1,2,8,17,25,43
2016-03-02,27 35 36 43 52 54,27,35,36,43,52,54
2016-03-05,09 37 38 41 46 58,9,37,38,41,46,58
2016-03-09,15 22 23 30 36 38,15,22,23,30,36,38
2016-03-12,06 09 12 15 22 37,6,9,12,15,22,37
2016-03-16,04 07 09 20 52 57,4,7,9,20,52,57
2016-03-19,07 17 30 46 53 55,7,17,30,46,53,55
2016-03-23,04 08 15 29 40 56,4,8,15,29,40,56
2016-03-26,13 24 44 48 56 59,13,24,44,48,56,59
2016-03-30,06 09 34 44 54 59,6,9,34,44,54,59
2016-04-02,08 10 24 28 40 52,8,10,24,28,40,52
2016-04-06,03 05 10 50 54 57,3,5,10,50,54,57
2016-04-09,03 19 23 42 45 56,3,19,23,42,45,56
2016-04-13,12 23 25 29 42 46,12,23,25,29,42,46
2016-04-16,07 14 15 30 41 50,7,14,15,30,41,50
2016-04-20,08 10 22 23 32 34,8,10,22,23,32,34
2016-04-23,08 16 21 23 39 43,8,16,21,23,39,43
2016-04-27,20 31 41 43 48 59,20,31,41,43,48,59
2016-04-30,01 20 25 30 31 57,1,20,25,30,31,57
2016-05-04,16 18 26 44 49 51,16,18,26,44,49,51
2016-05-07,05 12 18 33 56 57,5,12,18,33,56,57
2016-05-11,08 30 31 32 36 49,8,30,31,32,36,49
2016-05-14,03 08 25 43 47 58,3,8,25,43,47,58
2016-05-18,19 26 42 47 49 59,19,26,42,47,49,59
2016-05-21,11 28 43 48 51 59,11,28,43,48,51,59
2016-05-25,05 12 13 22 25 35,5,12,13,22,25,35
2016-05-28,03 08 09 26 39 42,3,8,9,26,39,42
2016-06-01,09 13 15 25 38 56,9,13,15,25,38,56
2016-06-04,11 17 25 27 47 48,11,17,25,27,47,48
2016-06-08,02 16 22 44 56 59,2,16,22,44,56,59
2016-06-11,03 19 21 44 49 57,3,19,21,44,49,57
2016-06-15,08 24 31 39 54 59,8,24,31,39,54,59
2016-06-18,10 21 30 38 45 59,10,21,30,38,45,59
2016-06-22,31 40 42 48 49 57,31,40,42,48,49,57
2016-06-25,14 27 30 31 50 52,14,27,30,31,50,52
2016-06-29,04 11 18 37 50 53,4,11,18,37,50,53
2016-07-02,16 27 33 36 43 58,16,27,33,36,43,58
2016-07-06,23 25 36 43 46 48,23,25,36,43,46,48
2016-07-09,08 10 46 48 50 58,8,10,46,48,50,58
2016-07-13,04 05 10 32 34 44,4,5,10,32,34,44
2016-07-16,14 21 27 36 53 56,14,21,27,36,53,56
2016-07-20,02 26 32 40 43 59,2,26,32,40,43,59
2016-07-23,03 26 27 53 55 58,3,26,27,53,55,58
2016-07-27,04 14 30 33 49 54,4,14,30,33,49,54
2016-07-30,01 06 08 09 18 38,1,6,8,9,18,38
2016-08-03,09 16 22 27 46 51,9,16,22,27,46,51
2016-08-06,13 18 21 27 58 59,13,18,21,27,58,59
2016-08-10,09 12 14 17 26 28,9,12,14,17,26,28
2016-08-13,01 05 13 26 35 53,1,5,13,26,35,53
2016-08-17,15 21 26 39 46 53,15,21,26,39,46,53
2016-08-20,04 08 27 31 33 54,4,8,27,31,33,54
2016-08-24,41 43 49 57 58 59,41,43,49,57,58,59
2016-08-27,17 22 35 40 43 50,17,22,35,40,43,50
2016-08-31,17 23 24 28 32 57,17,23,24,28,32,57
2016-09-03,03 09 26 34 48 59,3,9,26,34,48,59
2016-09-07,16 22 31 37 48 52,16,22,31,37,48,52
2016-09-10,04 05 13 21 53 57,4,5,13,21,53,57
2016-09-14,05 17 18 32 37 56,5,17,18,32,37,56
2016-09-17,12 13 21 50 56 58,12,13,21,50,56,58
2016-09-21,04 08 13 30 36 58,4,8,13,30,36,58
2016-09-24,16 21 32 33 35 57,16,21,32,33,35,57
2016-09-28,07 43 48 54 58 59,7,43,48,54,58,59
2016-10-01,01 04 13 15 30 33,1,4,13,15,30,33
2016-10-05,01 28 29 31 55 58,1,28,29,31,55,58
2016-10-08,02 09 29 40 55 57,2,9,29,40,55,57
2016-10-12,01 12 17 28 46 47,1,12,17,28,46,47
2016-10-15,01 08 17 18 24 42,1,8,17,18,24,42
2016-10-19,02 17 25 36 40 46,2,17,25,36,40,46
2016-10-22,14 26 30 35 50 56,14,26,30,35,50,56
2016-10-26,18 22 41 45 49 56,18,22,41,45,49,56
2016-10-29,10 13 40 44 51 55,10,13,40,44,51,55
2016-11-02,09 21 24 26 50 54,9,21,24,26,50,54
2016-11-05,05 11 15 23 26 42,5,11,15,23,26,42
2016-11-09,21 23 25 28 46 59,21,23,25,28,46,59
2016-11-12,12 22 28 30 48 59,12,22,28,30,48,59
2016-11-16,02 21 25 26 40 57,2,21,25,26,40,57
2016-11-19,13 25 32 47 52 57,13,25,32,47,52,57
2016-11-23,06 09 10 18 25 42,6,9,10,18,25,42
2016-11-26,06 16 22 25 31 56,6,16,22,25,31,56
2016-11-30,07 13 18 19 38 51,7,13,18,19,38,51
2016-12-03,12 42 49 53 54 59,12,42,49,53,54,59
2016-12-07,08 09 19 34 39 43,8,9,19,34,39,43
2016-12-10,10 18 30 44 50 56,10,18,30,44,50,56
2016-12-14,18 19 32 38 49 54,18,19,32,38,49,54
2016-12-17,16 24 25 28 51 52,16,24,25,28,51,52
2016-12-21,06 23 25 39 42 53,6,23,25,39,42,53
2016-12-24,04 48 51 52 54 57,4,48,51,52,54,57
2016-12-28,16 21 40 41 44 49,16,21,40,41,44,49
2016-12-31,03 16 25 40 44 50,3,16,25,40,44,50
2017-01-04,10 19 29 30 33 56,10,19,29,30,33,56
2017-01-07,18 22 29 37 43 52,18,22,29,37,43,52
2017-01-11,12 13 16 49 50 59,12,13,16,49,50,59
2017-01-14,09 13 16 23 35 58,9,13,16,23,35,58
2017-01-18,05 14 27 32 33 46,5,14,27,32,33,46
2017-01-21,11 31 44 45 48 53,11,31,44,45,48,53
2017-01-25,03 09 29 49 51 54,3,9,29,49,51,54
2017-01-28,02 03 18 35 56 58,2,3,18,35,56,58
2017-02-01,01 13 14 20 41 45,1,13,14,20,41,45
2017-02-04,01 08 14 33 48 59,1,8,14,33,48,59
2017-02-08,06 23 27 45 47 49,6,23,27,45,47,49
2017-02-11,15 23 28 34 45 53,15,23,28,34,45,53
2017-02-15,01 03 10 24 35 56,1,3,10,24,35,56
2017-02-18,09 26 28 34 36 57,9,26,28,34,36,57
2017-02-22,15 17 21 38 40 42,15,17,21,38,40,42
2017-02-25,04 25 26 34 40 46,4,25,26,34,40,46
2017-03-01,05 07 08 13 25 28,5,7,8,13,25,28
2017-03-04,03 09 18 46 47 55,3,9,18,46,47,55
2017-03-08,03 13 20 25 31 39,3,13,20,25,31,39
2017-03-11,01 17 21 33 44 45,1,17,21,33,44,45
2017-03-15,13 22 27 29 30 40,13,22,27,29,30,40
2017-03-18,01 03 20 27 30 49,1,3,20,27,30,49
2017-03-22,08 20 27 32 36 54,8,20,27,32,36,54
2017-03-25,07 18 39 43 45 46,7,18,39,43,45,46
2017-03-29,05 20 25 44 50 53,5,20,25,44,50,53
2017-04-01,01 04 16 25 29 56,1,4,16,25,29,56
2017-04-05,14 15 21 23 41 50,14,15,21,23,41,50
2017-04-08,04 15 24 33 37 58,4,15,24,33,37,58
2017-04-12,02 10 38 50 53 57,2,10,38,50,53,57
2017-04-15,04 07 12 17 26 55,4,7,12,17,26,55
2017-04-19,04 29 30 34 46 54,4,29,30,34,46,54
2017-04-22,09 28 31 45 49 50,9,28,31,45,49,50
2017-04-26,05 21 24 31 32 55,5,21,24,31,32,55
2017-04-29,09 24 34 40 47 59,9,24,34,40,47,59
2017-05-03,40 41 51 52 53 56,40,41,51,52,53,56
2017-05-06,03 23 31 46 53 55,3,23,31,46,53,55
2017-05-10,01 04 07 23 43 54,1,4,7,23,43,54
2017-05-13,04 26 33 35 54 55,4,26,33,35,54,55
2017-05-17,12 20 22 26 37 59,12,20,22,26,37,59
2017-05-20,13 14 24 35 36 50,13,14,24,35,36,50
2017-05-24,05 08 16 26 34 49,5,8,16,26,34,49
2017-05-27,07 17 30 34 47 58,7,17,30,34,47,58
2017-05-31,09 12 29 30 43 59,9,12,29,30,43,59
2017-06-03,22 23 31 33 46 52,22,23,31,33,46,52
2017-06-07,05 08 13 19 28 53,5,8,13,19,28,53
2017-06-14,04 19 27 36 46 50,4,19,27,36,46,50
2017-06-17,09 16 18 34 45 51,9,16,18,34,45,51
2017-06-21,10 14 29 30 33 37,10,14,29,30,33,37
2017-06-24,06 14 18 23 31 37,6,14,18,23,31,37
2017-06-28,30 32 35 40 50 58,30,32,35,40,50,58
2017-07-01,20 32 40 46 52 54,20,32,40,46,52,54
2017-07-05,18 19 21 30 54 56,18,19,21,30,54,56
2017-07-08,07 21 24 33 41 45,7,21,24,33,41,45
2017-07-12,17 24 27 29 31 49,17,24,27,29,31,49
2017-07-15,04 06 17 20 34 43,4,6,17,20,34,43
2017-07-19,15 22 27 34 49 57,15,22,27,34,49,57
2017-07-22,11 23 28 37 40 41,11,23,28,37,40,41
2017-07-26,07 15 20 25 34 59,7,15,20,25,34,59
2017-07-29,19 21 22 28 41 42,19,21,22,28,41,42
2017-08-02,03 23 29 31 42 53,3,23,29,31,42,53
2017-08-05,19 32 33 34 44 54,19,32,33,34,44,54
2017-08-09,05 12 14 42 52 55,5,12,14,42,52,55
2017-08-12,05 19 26 41 44 50,5,19,26,41,44,50
2017-08-16,12 13 27 54 55 56,12,13,27,54,55,56
2017-08-19,10 25 30 31 36 58,10,25,30,31,36,58
2017-08-23,09 23 34 37 52 56,9,23,34,37,52,56
2017-08-26,12 25 32 33 47 55,12,25,32,33,47,55
2017-08-30,03 08 14 17 37 53,3,8,14,17,37,53
2017-09-02,17 39 44 48 55 59,17,39,44,48,55,59
2017-09-06,23 33 39 49 53 57,23,33,39,49,53,57
2017-09-09,02 14 19 54 56 58,2,14,19,54,56,58
2017-09-13,02 28 35 45 49 54,2,28,35,45,49,54
2017-09-16,06 11 15 20 25 27,6,11,15,20,25,27
2017-09-20,17 23 52 53 55 58,17,23,52,53,55,58
2017-09-23,07 24 37 40 50 56,7,24,37,40,50,56
2017-09-27,27 32 40 49 50 54,27,32,40,49,50,54
2017-09-30,03 16 43 49 50 54,3,16,43,49,50,54
2017-10-04,23 43 52 54 57 58,23,43,52,54,57,58
2017-10-07,03 06 29 37 53 56,3,6,29,37,53,56
2017-10-11,06 16 24 25 37 38,6,16,24,25,37,38
2017-10-14,02 04 14 17 25 49,2,4,14,17,25,49
2017-10-18,06 12 30 48 54 55,6,12,30,48,54,55
2017-10-21,15 41 50 53 55 58,15,41,50,53,55,58
2017-10-25,05 09 19 29 38 40,5,9,19,29,38,40
2017-10-28,12 19 33 35 46 47,12,19,33,35,46,47
2017-11-01,17 22 34 43 44 58,17,22,34,43,44,58
2017-11-04,04 06 31 45 51 59,4,6,31,45,51,59
2017-11-08,02 15 20 26 43 44,2,15,20,26,43,44
2017-11-11,06 22 30 35 55 59,6,22,30,35,55,59
2017-11-15,28 35 37 39 53 54,28,35,37,39,53,54
2017-11-18,07 14 31 48 54 57,7,14,31,48,54,57
2017-11-22,04 09 28 37 43 48,4,9,28,37,43,48
2017-11-25,02 14 21 23 38 44,2,14,21,23,38,44
2017-11-29,05 14 15 16 31 52,5,14,15,16,31,52
2017-12-02,02 03 26 40 41 55,2,3,26,40,41,55
2017-12-06,04 21 29 30 31 32,4,21,29,30,31,32
2017-12-09,06 11 17 25 28 54,6,11,17,25,28,54
2017-12-13,01 02 36 49 57 59,1,2,36,49,57,59
2017-12-16,08 21 44 49 53 59,8,21,44,49,53,59
2017-12-20,01 09 18 33 45 57,1,9,18,33,45,57
2017-12-23,07 09 19 37 48 50,7,9,19,37,48,50
2017-12-27,02 12 35 39 43 49,2,12,35,39,43,49
2017-12-30,08 20 29 30 31 47,8,20,29,30,31,47
2018-01-03,07 11 22 28 41 55,7,11,22,28,41,55
2018-01-06,01 02 04 40 55 59,1,2,4,40,55,59
2018-01-10,07 11 29 43 56 59,7,11,29,43,56,59
2018-01-13,30 46 47 48 56 59,30,46,47,48,56,59
2018-01-17,05 08 22 31 36 50,5,8,22,31,36,50
2018-01-20,10 15 24 44 45 55,10,15,24,44,45,55
2018-01-24,04 24 41 42 49 51,4,24,41,42,49,51
2018-01-27,02 06 16 37 53 54,2,6,16,37,53,54
2018-01-31,07 20 22 24 46 54,7,20,22,24,46,54
2018-02-03,02 29 51 54 55 57,2,29,51,54,55,57
2018-02-07,13 25 40 41 42 44,13,25,40,41,42,44
2018-02-10,02 06 11 19 35 42,2,6,11,19,35,42
2018-02-14,02 07 18 23 37 48,2,7,18,23,37,48
2018-02-17,03 26 32 42 43 49,3,26,32,42,43,49
2018-02-21,17 25 32 33 38 44,17,25,32,33,38,44
2018-02-24,07 25 26 29 37 43,7,25,26,29,37,43
2018-02-28,04 06 10 28 30 53,4,6,10,28,30,53
2018-03-03,02 04 21 34 37 48,2,4,21,34,37,48
2018-03-07,03 08 09 16 21 53,3,8,9,16,21,53
2018-03-10,11 14 22 40 43 46,11,14,22,40,43,46
2018-03-14,15 40 49 53 56 57,15,40,49,53,56,57
2018-03-17,02 10 13 23 31 46,2,10,13,23,31,46
2018-03-21,17 26 27 36 40 50,17,26,27,36,40,50
2018-03-24,15 22 23 50 51 57,15,22,23,50,51,57
2018-03-28,04 19 25 39 54 55,4,19,25,39,54,55
2018-03-31,05 18 36 37 41 57,5,18,36,37,41,57
2018-04-04,19 23 32 35 38 56,19,23,32,35,38,56
2018-04-07,02 05 10 23 31 53,2,5,10,23,31,53
2018-04-11,18 19 31 33 40 46,18,19,31,33,40,46
2018-04-14,05 12 23 27 30 56,5,12,23,27,30,56
2018-04-18,10 27 28 29 51 56,10,27,28,29,51,56
2018-04-21,09 19 20 21 45 47,9,19,20,21,45,47
2018-04-25,07 08 13 16 37 41,7,8,13,16,37,41
2018-04-28,08 27 38 39 42 48,8,27,38,39,42,48
2018-05-02,04 09 21 25 37 39,4,9,21,25,37,39
2018-05-05,02 16 17 38 41 42,2,16,17,38,41,42
2018-05-09,19 36 48 51 52 54,19,36,48,51,52,54
2018-05-12,01 26 40 42 47 55,1,26,40,42,47,55
2018-05-16,03 16 27 36 48 57,3,16,27,36,48,57
2018-05-19,03 38 41 56 57 59,3,38,41,56,57,59
2018-05-23,12 18 19 41 54 56,12,18,19,41,54,56
2018-05-26,03 17 27 28 41 44,3,17,27,28,41,44
2018-05-30,01 25 36 40 56 57,1,25,36,40,56,57
2018-06-02,02 18 27 29 37 59,2,18,27,29,37,59
2018-06-06,17 28 31 33 42 55,17,28,31,33,42,55
2018-06-09,09 10 20 28 32 37,9,10,20,28,32,37
2018-06-13,10 31 41 44 51 58,10,31,41,44,51,58
2018-06-16,11 20 21 30 44 55,11,20,21,30,44,55
2018-06-20,02 03 16 27 32 34,2,3,16,27,32,34
2018-06-23,03 04 16 20 25 49,3,4,16,20,25,49
2018-06-27,14 17 22 49 57 59,14,17,22,49,57,59
2018-06-30,09 15 21 35 49 56,9,15,21,35,49,56
2018-07-04,16 19 34 42 44 57,16,19,34,42,44,57
2018-07-07,02 15 20 53 54 58,2,15,20,53,54,58
2018-07-11,08 30 32 35 45 56,8,30,32,35,45,56
2018-07-14,18 27 31 35 36 45,18,27,31,35,36,45
2018-07-18,04 07 19 24 30 45,4,7,19,24,30,45
2018-07-21,14 16 26 47 52 55,14,16,26,47,52,55
2018-07-25,04 10 18 35 41 49,4,10,18,35,41,49
2018-07-28,17 28 34 38 41 52,17,28,34,38,41,52
2018-08-01,05 27 28 33 40 43,5,27,28,33,40,43
2018-08-04,09 20 24 31 32 53,9,20,24,31,32,53
2018-08-08,11 16 29 43 55 57,11,16,29,43,55,57
2018-08-11,25 28 29 47 51 58,25,28,29,47,51,58
2018-08-15,02 36 42 53 54 55,2,36,42,53,54,55
2018-08-18,12 24 27 30 40 53,12,24,27,30,40,53
2018-08-22,11 14 46 48 57 59,11,14,46,48,57,59
2018-08-25,12 31 38 48 49 54,12,31,38,48,49,54
2018-08-29,01 15 19 50 52 53,1,15,19,50,52,53
2018-09-01,03 14 15 25 34 35,3,14,15,25,34,35
2018-09-05,15 29 37 38 40 53,15,29,37,38,40,53
2018-09-08,13 18 19 27 47 59,13,18,19,27,47,59
2018-09-12,11 20 28 43 57 59,11,20,28,43,57,59
2018-09-15,25 28 33 36 37 59,25,28,33,36,37,59
2018-09-19,08 15 19 49 52 57,8,15,19,49,52,57
2018-09-22,01 02 15 17 27 56,1,2,15,17,27,56
2018-09-26,11 27 29 35 45 59,11,27,29,35,45,59
2018-09-29,09 13 35 41 42 51,9,13,35,41,42,51
2018-10-03,04 18 19 24 31 42,4,18,19,24,31,42
2018-10-06,10 12 29 41 48 57,10,12,29,41,48,57
2018-10-10,15 24 30 37 44 59,15,24,30,37,44,59
2018-10-13,12 15 20 26 39 58,12,15,20,26,39,58
2018-10-17,01 05 08 43 50 51,1,5,8,43,50,51
2018-10-20,04 07 08 09 41 58,4,7,8,9,41,58
2018-10-24,07 18 39 42 44 58,7,18,39,42,44,58
2018-10-27,05 13 26 28 42 51,5,13,26,28,42,51
2018-10-31,11 27 41 51 52 53,11,27,41,51,52,53
2018-11-03,15 30 40 42 56 59,15,30,40,42,56,59
2018-11-07,18 24 37 50 58 59,18,24,37,50,58,59
2018-11-10,03 16 19 25 28 43,3,16,19,25,28,43
2018-11-14,05 15 26 39 45 49,5,15,26,39,45,49
2018-11-17,17 26 30 37 47 50,17,26,30,37,47,50
2018-11-21,09 24 34 35 57 58,9,24,34,35,57,58
2018-11-24,01 10 14 17 46 56,1,10,14,17,46,56
2018-11-28,02 03 21 23 35 57,2,3,21,23,35,57
2018-12-01,05 06 12 20 50 54,5,6,12,20,50,54
2018-12-05,01 11 24 37 44 50,1,11,24,37,44,50
2018-12-08,02 26 30 31 38 59,2,26,30,31,38,59
2018-12-12,05 12 16 28 33 42,5,12,16,28,33,42
2018-12-15,08 12 33 34 38 42,8,12,33,34,38,42
2018-12-19,01 20 22 24 34 39,1,20,22,24,34,39
2018-12-22,28 37 40 41 48 59,28,37,40,41,48,59
2018-12-26,02 08 16 22 45 46,2,8,16,22,45,46
2018-12-29,02 16 18 27 29 35,2,16,18,27,29,35
2019-01-02,22 23 34 36 49 55,22,23,34,36,49,55
2019-01-05,28 33 38 45 54 57,28,33,38,45,54,57
2019-01-09,17 21 31 33 46 53,17,21,31,33,46,53
2019-01-12,05 21 30 48 56 57,5,21,30,48,56,57
2019-01-16,02 10 40 43 48 52,2,10,40,43,48,52
2019-01-19,38 40 43 48 58 59,38,40,43,48,58,59
2019-01-23,06 18 19 21 23 51,6,18,19,21,23,51
2019-01-26,20 24 27 34 35 59,20,24,27,34,35,59
2019-01-30,01 22 36 44 49 59,1,22,36,44,49,59
2019-02-02,20 30 39 45 46 53,20,30,39,45,46,53
2019-02-06,24 26 33 35 37 52,24,26,33,35,37,52
2019-02-09,03 09 12 23 36 53,3,9,12,23,36,53
2019-02-13,03 10 17 36 50 57,3,10,17,36,50,57
2019-02-16,02 04 39 46 51 58,2,4,39,46,51,58
2019-02-20,16 25 29 32 50 59,16,25,29,32,50,59
2019-02-23,10 20 33 40 54 56,10,20,33,40,54,56
2019-02-27,12 18 22 36 41 48,12,18,22,36,41,48
2019-03-02,06 10 15 50 52 56,6,10,15,50,52,56
2019-03-06,05 08 11 14 32 36,5,8,11,14,32,36
2019-03-09,17 20 21 43 46 52,17,20,21,43,46,52
2019-03-13,11 15 29 38 52 54,11,15,29,38,52,54
2019-03-16,01 04 27 40 44 58,1,4,27,40,44,58
2019-03-20,04 06 08 12 15 55,4,6,8,12,15,55
2019-03-23,07 18 19 33 36 57,7,18,19,33,36,57
2019-03-27,34 36 38 40 41 55,34,36,38,40,41,55
2019-03-30,18 25 43 51 52 56,18,25,43,51,52,56
2019-04-03,04 21 31 34 43 44,4,21,31,34,43,44
2019-04-06,06 09 16 20 26 41,6,9,16,20,26,41
2019-04-10,04 07 31 39 47 51,4,7,31,39,47,51
2019-04-13,12 20 35 39 50 53,12,20,35,39,50,53
2019-04-17,02 03 18 30 52 53,2,3,18,30,52,53
2019-04-20,02 10 16 17 47 58,2,10,16,17,47,58
2019-04-24,02 28 37 43 46 49,2,28,37,43,46,49
2019-04-27,31 33 48 52 55 59,31,33,48,52,55,59
2019-05-01,08 09 24 27 36 37,8,9,24,27,36,37
2019-05-04,08 19 50 51 52 55,8,19,50,51,52,55
2019-05-08,03 07 14 28 49 54,3,7,14,28,49,54
2019-05-11,04 26 31 38 39 49,4,26,31,38,39,49
2019-05-15,06 16 17 26 29 48,6,16,17,26,29,48
2019-05-18,18 21 23 46 54 59,18,21,23,46,54,59
2019-05-22,06 18 36 54 55 57,6,18,36,54,55,57
2019-05-25,15 22 24 42 50 53,15,22,24,42,50,53
2019-05-29,06 12 15 24 31 42,6,12,15,24,31,42
2019-06-01,01 10 13 23 31 32,1,10,13,23,31,32
2019-06-05,08 18 28 31 36 54,8,18,28,31,36,54
2019-06-08,05 06 14 37 47 52,5,6,14,37,47,52
2019-06-12,17 21 22 32 37 41,17,21,22,32,37,41
2019-06-15,03 14 20 21 24 34,3,14,20,21,24,34
2019-06-19,14 23 24 50 56 58,14,23,24,50,56,58
2019-06-22,12 42 46 51 53 57,12,42,46,51,53,57
2019-06-26,06 15 25 28 36 49,6,15,25,28,36,49
2019-06-29,02 03 14 20 29 37,2,3,14,20,29,37
2019-07-03,27 31 37 48 49 54,27,31,37,48,49,54
2019-07-06,04 05 27 31 43 47,4,5,27,31,43,47
2019-07-10,04 08 24 26 38 43,4,8,24,26,38,43
2019-07-13,09 12 14 21 44 55,9,12,14,21,44,55
2019-07-17,04 07 19 34 36 59,4,7,19,34,36,59
2019-07-20,12 15 30 32 51 58,12,15,30,32,51,58
2019-07-24,14 21 22 27 44 48,14,21,22,27,44,48
2019-07-27,05 07 19 25 26 47,5,7,19,25,26,47
2019-07-31,02 07 20 23 26 47,2,7,20,23,26,47
2019-08-03,02 18 21 39 53 58,2,18,21,39,53,58
2019-08-07,03 12 27 40 48 57,3,12,27,40,48,57
2019-08-10,07 16 25 39 47 51,7,16,25,39,47,51
2019-08-14,01 02 33 38 48 55,1,2,33,38,48,55
2019-08-17,25 31 34 42 49 53,25,31,34,42,49,53
2019-08-21,08 11 34 41 50 54,8,11,34,41,50,54
2019-08-24,07 24 36 46 52 55,7,24,36,46,52,55
2019-08-28,01 05 06 07 16 48,1,5,6,7,16,48
2019-08-31,02 11 29 30 43 44,2,11,29,30,43,44
2019-09-04,08 20 37 51 53 59,8,20,37,51,53,59
2019-09-07,19 31 44 47 48 55,19,31,44,47,48,55
2019-09-11,02 09 10 35 58 59,2,9,10,35,58,59
2019-09-14,01 09 14 22 24 25,1,9,14,22,24,25
2019-09-18,08 18 21 23 29 56,8,18,21,23,29,56
2019-09-21,04 10 21 28 30 43,4,10,21,28,30,43
2019-09-25,07 24 27 38 55 58,7,24,27,38,55,58
2019-09-28,01 13 29 38 46 59,1,13,29,38,46,59
2019-10-02,03 17 21 23 27 43,3,17,21,23,27,43
2019-10-05,09 22 32 45 54 59,9,22,32,45,54,59
2019-10-09,08 14 18 26 33 38,8,14,18,26,33,38
2019-10-12,13 15 27 30 46 51,13,15,27,30,46,51
2019-10-16,02 07 09 11 40 54,2,7,9,11,40,54
2019-10-19,06 15 21 37 55 59,6,15,21,37,55,59
2019-10-23,07 10 12 40 49 58,7,10,12,40,49,58
2019-10-26,01 12 19 31 41 47,1,12,19,31,41,47
2019-10-30,24 29 39 47 52 53,24,29,39,47,52,53
2019-11-02,23 31 38 46 48 49,23,31,38,46,48,49
2019-11-06,04 05 12 43 44 59,4,5,12,43,44,59
2019-11-09,04 09 16 32 42 44,4,9,16,32,42,44
2019-11-13,04 19 20 28 56 58,4,19,20,28,56,58
2019-11-16,31 34 35 47 48 56,31,34,35,47,48,56
2019-11-20,03 04 05 26 36 48,3,4,5,26,36,48
2019-11-23,01 08 10 24 32 36,1,8,10,24,32,36
2019-11-27,18 31 32 40 43 53,18,31,32,40,43,53
2019-11-30,14 30 39 51 52 53,14,30,39,51,52,53
2019-12-04,03 04 10 16 27 44,3,4,10,16,27,44
2019-12-07,01 14 19 20 29 38,1,14,19,20,29,38
2019-12-11,19 24 25 29 36 38,19,24,25,29,36,38
2019-12-14,14 21 36 38 42 56,14,21,36,38,42,56
2019-12-18,14 21 24 37 45 46,14,21,24,37,45,46
2019-12-21,24 28 39 42 48 52,24,28,39,42,48,52
2019-12-25,07 10 31 32 34 42,7,10,31,32,34,42
2019-12-28,13 14 23 31 35 41,13,14,23,31,35,41
2020-01-01,13 14 28 50 51 56,13,14,28,50,51,56
2020-01-04,06 10 16 30 33 55,6,10,16,30,33,55
2020-01-08,07 26 37 47 48 49,7,26,37,47,48,49
2020-01-11,08 10 17 18 30 46,8,10,17,18,30,46
2020-01-15,03 04 22 26 37 38,3,4,22,26,37,38
2020-01-18,07 11 17 25 41 54,7,11,17,25,41,54
2020-01-22,01 15 36 41 44 50,1,15,36,41,44,50
2020-01-25,05 21 23 29 36 44,5,21,23,29,36,44
2020-01-29,09 15 17 37 52 53,9,15,17,37,52,53
2020-02-01,10 16 36 38 42 55,10,16,36,38,42,55
2020-02-05,06 15 32 33 42 49,6,15,32,33,42,49
2020-02-08,10 29 32 33 34 36,10,29,32,33,34,36
2020-02-12,05 24 28 42 44 57,5,24,28,42,44,57
2020-02-15,02 07 38 41 45 59,2,7,38,41,45,59
2020-02-19,06 18 22 25 54 57,6,18,22,25,54,57
2020-02-22,02 08 09 48 57 59,2,8,9,48,57,59
2020-02-26,04 09 13 15 53 57,4,9,13,15,53,57
2020-02-29,03 04 20 28 31 49,3,4,20,28,31,49
2020-03-04,19 34 37 39 54 59,19,34,37,39,54,59
2020-03-07,07 11 18 39 42 43,7,11,18,39,42,43
2020-03-11,05 23 26 34 49 58,5,23,26,34,49,58
2020-03-14,08 09 16 46 53 54,8,9,16,46,53,54
2020-03-18,01 14 15 33 38 49,1,14,15,33,38,49
2020-03-21,06 15 18 34 42 58,6,15,18,34,42,58
2020-03-25,03 12 29 38 51 59,3,12,29,38,51,59
2020-03-28,11 12 32 41 43 59,11,12,32,41,43,59
2020-04-01,06 10 35 44 49 53,6,10,35,44,49,53
2020-04-04,33 42 46 48 50 55,33,42,46,48,50,55
2020-04-08,04 19 31 34 39 51,4,19,31,34,39,51
2020-04-11,06 11 14 33 44 52,6,11,14,33,44,52
2020-04-15,20 33 34 39 40 53,20,33,34,39,40,53
2020-04-18,01 19 29 36 45 56,1,19,29,36,45,56
2020-04-22,12 18 25 28 32 51,12,18,25,28,32,51
2020-04-25,15 27 29 49 50 56,15,27,29,49,50,56
2020-04-29,06 08 19 32 33 44,6,8,19,32,33,44
2020-05-02,01 22 24 27 37 51,1,22,24,27,37,51
2020-05-06,02 04 17 44 46 58,2,4,17,44,46,58
2020-05-09,21 29 32 37 38 55,21,29,32,37,38,55
2020-05-13,01 33 41 42 43 56,1,33,41,42,43,56
2020-05-16,06 08 13 30 36 58,6,8,13,30,36,58
2020-05-20,13 18 23 46 47 54,13,18,23,46,47,54
2020-05-23,10 17 20 26 33 53,10,17,20,26,33,53
2020-05-27,04 22 27 36 49 55,4,22,27,36,49,55
2020-05-30,10 17 34 35 38 45,10,17,34,35,38,45
2020-06-03,24 27 46 54 55 56,24,27,46,54,55,56
2020-06-06,10 17 22 37 39 49,10,17,22,37,39,49
2020-06-10,23 46 50 52 56 59,23,46,50,52,56,59
2020-06-13,19 26 30 37 40 41,19,26,30,37,40,41
2020-06-17,10 16 21 30 31 56,10,16,21,30,31,56
2020-06-20,01 10 25 29 53 58,1,10,25,29,53,58
2020-06-24,05 07 12 14 19 27,5,7,12,14,19,27
2020-06-27,14 19 31 43 53 58,14,19,31,43,53,58
2020-07-01,19 28 38 48 52 53,19,28,38,48,52,53
2020-07-04,08 26 28 48 50 57,8,26,28,48,50,57
2020-07-08,25 27 42 45 56 58,25,27,42,45,56,58
2020-07-11,03 05 09 11 29 47,3,5,9,11,29,47
2020-07-15,02 07 18 28 33 56,2,7,18,28,33,56
2020-07-18,03 10 12 25 36 47,3,10,12,25,36,47
2020-07-22,06 15 51 54 55 59,6,15,51,54,55,59
2020-07-25,05 09 11 30 41 57,5,9,11,30,41,57
2020-07-29,12 17 21 29 48 56,12,17,21,29,48,56
2020-08-01,01 13 27 30 49 58,1,13,27,30,49,58
2020-08-05,07 09 20 29 36 56,7,9,20,29,36,56
2020-08-08,06 17 31 49 52 53,6,17,31,49,52,53
2020-08-12,11 16 21 22 34 43,11,16,21,22,34,43
2020-08-15,02 06 10 17 23 44,2,6,10,17,23,44
2020-08-19,01 03 09 33 35 52,1,3,9,33,35,52
2020-08-22,06 25 33 36 55 57,6,25,33,36,55,57
2020-08-26,13 28 38 41 42 51,13,28,38,41,42,51
2020-08-29,08 22 23 26 39 58,8,22,23,26,39,58
2020-09-02,10 13 17 39 52 58,10,13,17,39,52,58
2020-09-05,02 19 21 27 36 54,2,19,21,27,36,54
2020-09-09,15 24 31 44 51 59,15,24,31,44,51,59
2020-09-12,04 06 35 46 47 54,4,6,35,46,47,54
2020-09-16,21 43 44 45 53 55,21,43,44,45,53,55
2020-09-19,03 04 10 20 34 46,3,4,10,20,34,46
2020-09-23,11 14 22 29 36 46,11,14,22,29,36,46
2020-09-26,14 19 20 23 55 57,14,19,20,23,55,57
2020-09-30,08 13 25 38 41 48,8,13,25,38,41,48
2020-10-03,19 20 24 42 44 56,19,20,24,42,44,56
2020-10-07,11 13 19 37 50 55,11,13,19,37,50,55
2020-10-10,08 11 15 32 47 58,8,11,15,32,47,58
2020-10-14,10 35 36 42 54 55,10,35,36,42,54,55
2020-10-17,08 10 17 19 34 47,8,10,17,19,34,47
2020-10-21,15 22 24 30 50 59,15,22,24,30,50,59
2020-10-24,09 10 15 24 25 57,9,10,15,24,25,57
2020-10-28,10 16 18 30 49 50,10,16,18,30,49,50
2020-10-31,05 15 19 21 37 57,5,15,19,21,37,57
2020-11-04,07 31 35 42 43 50,7,31,35,42,43,50
2020-11-07,03 10 18 32 42 44,3,10,18,32,42,44
2020-11-11,03 11 36 44 47 48,3,11,36,44,47,48
2020-11-14,03 06 12 17 24 52,3,6,12,17,24,52
2020-11-18,06 09 31 36 43 49,6,9,31,36,43,49
2020-11-21,27 36 40 43 45 53,27,36,40,43,45,53
2020-11-25,33 41 45 50 54 56,33,41,45,50,54,56
2020-11-28,06 18 34 40 47 51,6,18,34,40,47,51
2020-12-02,10 30 32 37 38 54,10,30,32,37,38,54
2020-12-05,05 16 37 49 55 57,5,16,37,49,55,57
2020-12-09,19 20 34 40 46 49,19,20,34,40,46,49
2020-12-12,07 13 16 29 33 56,7,13,16,29,33,56
2020-12-16,15 22 44 47 49 52,15,22,44,47,49,52
2020-12-19,01 09 14 21 56 57,1,9,14,21,56,57
2020-12-23,01 07 16 21 43 45,1,7,16,21,43,45
2020-12-26,09 13 20 36 58 59,9,13,20,36,58,59
2020-12-30,01 10 37 49 53 57,1,10,37,49,53,57
2021-01-02,02 29 31 35 39 48,2,29,31,35,39,48
2021-01-06,02 04 11 45 48 58,2,4,11,45,48,58
2021-01-09,16 30 34 43 46 50,16,30,34,43,46,50
2021-01-13,15 24 44 52 54 57,15,24,44,52,54,57
2021-01-16,04 13 16 29 44 51,4,13,16,29,44,51
2021-01-20,23 26 42 52 54 55,23,26,42,52,54,55
2021-01-23,28 44 45 52 56 57,28,44,45,52,56,57
2021-01-27,04 33 40 47 49 50,4,33,40,47,49,50
2021-01-30,07 10 12 27 40 45,7,10,12,27,40,45
2021-02-03,02 11 13 29 42 59,2,11,13,29,42,59
2021-02-06,10 27 31 36 49 56,10,27,31,36,49,56
2021-02-10,08 23 30 47 48 57,8,23,30,47,48,57
2021-02-13,05 30 37 44 49 54,5,30,37,44,49,54
2021-02-17,14 21 22 24 26 51,14,21,22,24,26,51
2021-02-20,04 16 28 34 40 45,4,16,28,34,40,45
2021-02-24,11 19 20 23 53 54,11,19,20,23,53,54
2021-02-27,02 10 11 13 18 36,2,10,11,13,18,36
2021-03-03,08 19 32 38 43 47,8,19,32,38,43,47
2021-03-06,10 26 35 38 41 51,10,26,35,38,41,51
2021-03-10,18 23 24 31 40 58,18,23,24,31,40,58
2021-03-13,11 15 18 31 42 58,11,15,18,31,42,58
2021-03-17,13 21 25 36 39 56,13,21,25,36,39,56
2021-03-20,13 17 20 26 32 33,13,17,20,26,32,33
2021-03-24,01 10 20 29 48 57,1,10,20,29,48,57
2021-03-27,01 04 07 14 23 52,1,4,7,14,23,52
2021-03-31,09 30 32 46 49 53,9,30,32,46,49,53
2021-04-03,04 05 18 35 51 52,4,5,18,35,51,52
2021-04-07,02 06 07 20 24 43,2,6,7,20,24,43
2021-04-10,15 25 29 54 57 59,15,25,29,54,57,59
2021-04-14,08 26 34 41 44 48,8,26,34,41,44,48
2021-04-17,14 15 22 30 35 48,14,15,22,30,35,48
2021-04-21,05 19 28 31 32 52,5,19,28,31,32,52
2021-04-24,05 27 40 46 49 50,5,27,40,46,49,50
2021-04-28,15 17 20 29 38 42,15,17,20,29,38,42
2021-05-01,07 16 25 33 35 49,7,16,25,33,35,49
2021-05-05,20 22 28 30 51 54,20,22,28,30,51,54
2021-05-08,29 34 36 40 47 54,29,34,36,40,47,54
2021-05-12,02 39 40 43 53 57,2,39,40,43,53,57
2021-05-15,01 06 19 39 49 57,1,6,19,39,49,57
2021-05-19,27 29 32 44 49 58,27,29,32,44,49,58
2021-05-22,08 10 17 20 31 52,8,10,17,20,31,52
2021-05-26,10 11 19 32 46 58,10,11,19,32,46,58
2021-05-29,01 32 38 42 45 53,1,32,38,42,45,53
2021-06-02,16 29 30 35 37 47,16,29,30,35,37,47
2021-06-05,03 18 25 28 31 46,3,18,25,28,31,46
2021-06-09,06 24 25 43 45 55,6,24,25,43,45,55
2021-06-12,13 21 25 41 46 59,13,21,25,41,46,59
2021-06-16,03 04 10 30 31 45,3,4,10,30,31,45
2021-06-19,01 03 07 11 22 37,1,3,7,11,22,37
2021-06-23,01 07 08 14 27 29,1,7,8,14,27,29
2021-06-26,02 11 14 20 23 29,2,11,14,20,23,29
2021-06-30,01 12 23 28 29 57,1,12,23,28,29,57
2021-07-03,05 21 31 45 49 54,5,21,31,45,49,54
2021-07-07,21 32 34 37 43 44,21,32,34,37,43,44
2021-07-10,04 06 07 27 56 59,4,6,7,27,56,59
2021-07-14,02 20 33 50 56 58,2,20,33,50,56,58
2021-07-17,30 34 46 47 56 58,30,34,46,47,56,58
2021-07-21,16 27 44 52 54 57,16,27,44,52,54,57
2021-07-24,31 50 52 53 54 59,31,50,52,53,54,59
2021-07-28,04 11 24 39 40 59,4,11,24,39,40,59
2021-07-31,04 10 11 20 41 49,4,10,11,20,41,49
2021-08-04,11 13 14 27 28 46,11,13,14,27,28,46
2021-08-07,05 14 19 28 50 53,5,14,19,28,50,53
2021-08-11,02 25 26 40 43 58,2,25,26,40,43,58
2021-08-14,01 02 23 27 38 49,1,2,23,27,38,49
2021-08-18,23 30 34 35 47 57,23,30,34,35,47,57
2021-08-21,12 13 14 32 47 48,12,13,14,32,47,48
2021-08-25,04 06 07 12 30 40,4,6,7,12,30,40
2021-08-28,03 04 18 26 39 40,3,4,18,26,39,40
2021-09-01,04 30 37 51 54 56,4,30,37,51,54,56
2021-09-04,05 22 26 30 43 50,5,22,26,30,43,50
2021-09-08,06 22 30 33 38 50,6,22,30,33,38,50
2021-09-11,17 19 21 24 36 47,17,19,21,24,36,47
2021-09-15,03 09 14 16 21 25,3,9,14,16,21,25
2021-09-18,19 23 30 38 49 58,19,23,30,38,49,58
2021-09-22,01 12 23 29 49 59,1,12,23,29,49,59
2021-09-25,01 02 10 21 40 57,1,2,10,21,40,57
2021-09-29,02 14 19 38 41 53,2,14,19,38,41,53
2021-10-02,02 07 08 20 23 57,2,7,8,20,23,57
2021-10-06,14 16 17 28 37 56,14,16,17,28,37,56
2021-10-09,15 18 25 28 41 47,15,18,25,28,41,47
2021-10-13,04 10 32 49 50 58,4,10,32,49,50,58
2021-10-16,14 15 17 33 37 49,14,15,17,33,37,49
2021-10-20,07 12 32 36 52 53,7,12,32,36,52,53
2021-10-23,01 02 08 30 42 45,1,2,8,30,42,45
2021-10-27,20 25 26 29 38 39,20,25,26,29,38,39
2021-10-30,23 27 30 36 50 57,23,27,30,36,50,57
2021-11-03,09 10 27 28 35 41,9,10,27,28,35,41
2021-11-06,13 18 22 34 51 58,13,18,22,34,51,58
2021-11-10,10 15 20 29 31 49,10,15,20,29,31,49
2021-11-13,10 21 24 49 52 55,10,21,24,49,52,55
2021-11-17,05 13 25 27 56 58,5,13,25,27,56,58
2021-11-20,20 23 25 39 40 46,20,23,25,39,40,46
2021-11-24,05 10 14 20 23 28,5,10,14,20,23,28
2021-11-27,16 20 27 44 49 55,16,20,27,44,49,55
2021-12-01,16 24 44 53 55 59,16,24,44,53,55,59
2021-12-04,06 09 15 16 43 53,6,9,15,16,43,53
2021-12-08,13 22 28 33 42 59,13,22,28,33,42,59
2021-12-11,16 27 28 36 45 56,16,27,28,36,45,56
2021-12-15,13 21 33 34 38 53,13,21,33,34,38,53
2021-12-18,11 26 35 39 44 52,11,26,35,39,44,52
2021-12-22,14 20 21 41 43 58,14,20,21,41,43,58
2021-12-25,03 08 15 33 34 37,3,8,15,33,34,37
2021-12-29,10 13 14 15 27 56,10,13,14,15,27,56
2022-01-01,03 20 23 36 45 57,3,20,23,36,45,57
2022-01-05,08 15 17 32 36 47,8,15,17,32,36,47
2022-01-08,03 07 16 18 27 59,3,7,16,18,27,59
2022-01-12,08 18 27 29 37 43,8,18,27,29,37,43
2022-01-15,14 16 46 47 53 55,14,16,46,47,53,55
2022-01-19,06 07 08 10 37 46,6,7,8,10,37,46
2022-01-22,12 15 19 24 34 57,12,15,19,24,34,57
2022-01-26,04 09 15 42 48 58,4,9,15,42,48,58
2022-01-29,11 29 33 41 42 45,11,29,33,41,42,45
2022-02-02,11 13 32 34 46 53,11,13,32,34,46,53
2022-02-05,07 08 16 28 43 53,7,8,16,28,43,53
2022-02-09,13 18 29 32 39 47,13,18,29,32,39,47
2022-02-12,14 16 17 21 35 58,14,16,17,21,35,58
2022-02-16,01 08 16 29 39 51,1,8,16,29,39,51
2022-02-19,08 16 21 31 43 51,8,16,21,31,43,51
2022-02-23,13 15 36 46 53 57,13,15,36,46,53,57
2022-02-26,08 32 43 46 52 58,8,32,43,46,52,58
2022-03-02,19 20 37 41 47 55,19,20,37,41,47,55
2022-03-05,01 11 21 38 39 52,1,11,21,38,39,52
2022-03-09,17 28 29 32 37 40,17,28,29,32,37,40
2022-03-12,12 19 22 34 50 56,12,19,22,34,50,56
2022-03-16,34 42 48 51 56 59,34,42,48,51,56,59
2022-03-19,05 06 17 18 19 35,5,6,17,18,19,35
2022-03-23,14 30 35 38 47 51,14,30,35,38,47,51
2022-03-26,04 31 33 38 49 54,4,31,33,38,49,54
2022-03-30,01 16 24 40 56 59,1,16,24,40,56,59
2022-04-02,11 12 17 25 44 50,11,12,17,25,44,50
2022-04-06,01 05 16 17 21 23,1,5,16,17,21,23
2022-04-09,12 18 24 27 51 53,12,18,24,27,51,53
2022-04-13,05 07 08 32 41 50,5,7,8,32,41,50
2022-04-16,03 13 18 31 38 57,3,13,18,31,38,57
2022-04-20,16 25 26 39 43 48,16,25,26,39,43,48
2022-04-23,01 11 17 27 49 58,1,11,17,27,49,58
2022-04-27,05 08 30 44 51 55,5,8,30,44,51,55
2022-04-30,05 17 30 35 41 56,5,17,30,35,41,56
2022-05-04,01 05 22 23 45 49,1,5,22,23,45,49
2022-05-07,11 18 19 29 45 46,11,18,19,29,45,46
2022-05-11,15 17 26 29 31 54,15,17,26,29,31,54
2022-05-14,20 22 24 25 29 51,20,22,24,25,29,51
2022-05-18,23 25 31 50 51 54,23,25,31,50,51,54
2022-05-21,05 14 31 38 48 56,5,14,31,38,48,56
2022-05-25,08 12 27 41 45 47,8,12,27,41,45,47
2022-05-28,03 10 13 45 46 58,3,10,13,45,46,58
2022-06-01,10 26 39 46 48 58,10,26,39,46,48,58
2022-06-04,04 14 21 30 38 52,4,14,21,30,38,52
2022-06-08,04 11 30 32 38 55,4,11,30,32,38,55
2022-06-11,01 12 13 16 17 49,1,12,13,16,17,49
2022-06-15,13 20 23 40 41 48,13,20,23,40,41,48
2022-06-18,07 19 20 27 31 59,7,19,20,27,31,59
2022-06-22,02 26 29 33 34 37,2,26,29,33,34,37
2022-06-25,09 12 26 36 41 53,9,12,26,36,41,53
2022-06-29,03 10 23 25 56 59,3,10,23,25,56,59
2022-07-02,08 15 20 27 38 53,8,15,20,27,38,53
2022-07-06,02 10 17 24 26 39,2,10,17,24,26,39
2022-07-09,24 25 33 51 52 59,24,25,33,51,52,59
2022-07-13,03 15 18 19 37 56,3,15,18,19,37,56
2022-07-16,20 22 27 37 42 56,20,22,27,37,42,56
2022-07-20,07 17 23 29 48 57,7,17,23,29,48,57
2022-07-23,07 13 18 30 41 53,7,13,18,30,41,53
2022-07-27,22 24 33 34 43 49,22,24,33,34,43,49
2022-07-30,02 10 17 18 21 41,2,10,17,18,21,41
2022-08-03,02 11 23 25 44 57,2,11,23,25,44,57
2022-08-06,10 21 25 35 40 45,10,21,25,35,40,45
2022-08-10,03 13 16 25 32 42,3,13,16,25,32,42
2022-08-13,06 10 22 38 55 58,6,10,22,38,55,58
2022-08-17,02 35 36 37 43 49,2,35,36,37,43,49
2022-08-20,04 11 14 30 32 50,4,11,14,30,32,50
2022-08-24,10 29 33 51 58 59,10,29,33,51,58,59
2022-08-27,12 19 30 31 47 57,12,19,30,31,47,57
2022-08-31,42 45 47 49 52 56,42,45,47,49,52,56
2022-09-03,12 28 30 40 43 52,12,28,30,40,43,52
2022-09-07,01 04 16 26 35 48,1,4,16,26,35,48
2022-09-10,09 30 32 51 55 57,9,30,32,51,55,57
2022-09-14,08 16 18 36 54 59,8,16,18,36,54,59
2022-09-17,16 27 36 40 41 55,16,27,36,40,41,55
2022-09-21,08 33 38 40 42 53,8,33,38,40,42,53
2022-09-24,07 12 27 31 35 50,7,12,27,31,35,50
2022-09-28,06 22 28 32 36 49,6,22,28,32,36,49
2022-10-01,02 06 16 33 35 52,2,6,16,33,35,52
2022-10-05,01 42 48 50 52 59,1,42,48,50,52,59
2022-10-08,01 07 17 38 44 54,1,7,17,38,44,54
2022-10-12,02 11 27 28 40 50,2,11,27,28,40,50
2022-10-15,37 41 43 47 50 56,37,41,43,47,50,56
2022-10-19,02 17 23 34 49 50,2,17,23,34,49,50
2022-10-22,03 06 22 41 43 50,3,6,22,41,43,50
2022-10-26,02 24 28 38 45 59,2,24,28,38,45,59
2022-10-29,23 25 39 47 51 52,23,25,39,47,51,52
2022-11-02,07 13 18 22 38 47,7,13,18,22,38,47
2022-11-05,01 08 22 24 44 46,1,8,22,24,44,46
2022-11-09,07 13 15 19 27 58,7,13,15,19,27,58
2022-11-12,11 12 15 19 37 51,11,12,15,19,37,51
2022-11-16,18 36 39 57 58 59,18,36,39,57,58,59
2022-11-19,09 12 24 28 30 41,9,12,24,28,30,41
2022-11-23,10 22 36 37 39 55,10,22,36,37,39,55
2022-11-26,05 18 24 27 39 46,5,18,24,27,39,46
2022-11-30,04 15 32 39 41 57,4,15,32,39,41,57
2022-12-03,04 38 45 46 48 59,4,38,45,46,48,59
2022-12-07,05 27 29 44 53 57,5,27,29,44,53,57
2022-12-10,05 18 19 20 30 45,5,18,19,20,30,45
2022-12-14,07 10 20 23 39 52,7,10,20,23,39,52
2022-12-17,04 13 19 22 24 32,4,13,19,22,24,32
2022-12-21,03 11 24 36 40 56,3,11,24,36,40,56
2022-12-24,19 20 21 23 27 37,19,20,21,23,27,37
2022-12-28,02 14 18 37 38 56,2,14,18,37,38,56
2022-12-31,09 10 13 35 36 55,9,10,13,35,36,55
2023-01-04,06 09 12 16 29 57,6,9,12,16,29,57
2023-01-07,13 14 16 21 24 39,13,14,16,21,24,39
2023-01-11,21 25 31 43 45 54,21,25,31,43,45,54
2023-01-14,05 33 36 39 40 57,5,33,36,39,40,57
2023-01-18,05 09 21 25 35 42,5,9,21,25,35,42
2023-01-21,19 25 40 45 51 57,19,25,40,45,51,57
2023-01-25,02 17 21 47 55 58,2,17,21,47,55,58
2023-01-28,05 16 22 24 26 54,5,16,22,24,26,54
2023-02-01,02 04 06 16 23 32,2,4,6,16,23,32
2023-02-04,02 14 28 29 49 50,2,14,28,29,49,50
2023-02-08,03 05 13 16 29 37,3,5,13,16,29,37
2023-02-11,02 07 16 50 56 57,2,7,16,50,56,57
2023-02-15,02 22 24 27 29 32,2,22,24,27,29,32
2023-02-18,32 47 49 52 58 59,32,47,49,52,58,59
2023-02-22,04 07 08 15 30 41,4,7,8,15,30,41
2023-02-25,06 19 24 37 45 56,6,19,24,37,45,56
2023-03-01,01 02 30 38 49 55,1,2,30,38,49,55
2023-03-04,04 08 21 38 49 51,4,8,21,38,49,51
2023-03-08,15 30 35 37 38 56,15,30,35,37,38,56
2023-03-11,05 21 37 43 45 55,5,21,37,43,45,55
2023-03-15,11 23 24 28 30 31,11,23,24,28,30,31
2023-03-18,09 18 34 37 43 50,9,18,34,37,43,50
2023-03-22,02 13 32 38 52 57,2,13,32,38,52,57
2023-03-25,05 12 16 37 41 53,5,12,16,37,41,53
2023-03-29,01 02 07 11 13 25,1,2,7,11,13,25
2023-04-01,10 13 16 39 51 52,10,13,16,39,51,52
2023-04-05,02 23 25 47 51 54,2,23,25,47,51,54
2023-04-08,10 15 22 33 36 41,10,15,22,33,36,41
2023-04-12,23 24 25 34 36 37,23,24,25,34,36,37
2023-04-15,01 10 24 35 38 48,1,10,24,35,38,48
2023-04-19,11 13 14 31 45 54,11,13,14,31,45,54
2023-04-22,03 23 40 53 57 58,3,23,40,53,57,58
2023-04-26,01 18 22 32 33 37,1,18,22,32,33,37
2023-04-29,14 27 31 34 42 48,14,27,31,34,42,48
2023-05-03,11 20 32 43 53 59,11,20,32,43,53,59
2023-05-06,07 16 36 44 46 53,7,16,36,44,46,53
2023-05-10,04 05 06 43 47 57,4,5,6,43,47,57
2023-05-13,10 15 26 31 38 44,10,15,26,31,38,44
2023-05-17,12 13 22 36 37 46,12,13,22,36,37,46
2023-05-20,03 12 25 53 57 59,3,12,25,53,57,59
2023-05-24,02 10 21 31 32 46,2,10,21,31,32,46
2023-05-27,06 30 32 37 39 43,6,30,32,37,39,43
2023-05-31,07 08 15 39 40 58,7,8,15,39,40,58
2023-06-03,09 10 24 32 50 57,9,10,24,32,50,57
2023-06-07,10 15 41 44 49 54,10,15,41,44,49,54
2023-06-10,01 04 11 23 33 34,1,4,11,23,33,34
2023-06-14,01 09 21 22 31 42,1,9,21,22,31,42
2023-06-17,04 11 12 32 44 46,4,11,12,32,44,46
2023-06-21,02 14 25 29 34 58,2,14,25,29,34,58
2023-06-24,05 08 11 30 34 49,5,8,11,30,34,49
2023-06-28,32 34 49 52 57 58,32,34,49,52,57,58
2023-07-01,15 19 24 36 40 49,15,19,24,36,40,49
2023-07-05,05 06 28 31 32 43,5,6,28,31,32,43
2023-07-08,17 30 35 41 45 54,17,30,35,41,45,54
2023-07-12,12 33 36 43 54 55,12,33,36,43,54,55
2023-07-15,17 18 31 43 48 50,17,18,31,43,48,50
2023-07-19,21 23 28 34 45 58,21,23,28,34,45,58
2023-07-22,03 07 14 19 32 46,3,7,14,19,32,46
2023-07-26,03 18 19 27 37 50,3,18,19,27,37,50
2023-07-29,07 08 18 45 54 55,7,8,18,45,54,55
2023-08-02,03 22 23 26 31 55,3,22,23,26,31,55
2023-08-05,14 27 28 31 45 52,14,27,28,31,45,52
2023-08-09,08 11 42 51 54 59,8,11,42,51,54,59
2023-08-12,23 32 35 36 39 44,23,32,35,36,39,44
2023-08-16,03 04 19 36 43 55,3,4,19,36,43,55
2023-08-19,03 14 15 41 42 48,3,14,15,41,42,48
2023-08-23,07 22 24 36 40 53,7,22,24,36,40,53
2023-08-26,15 26 29 30 42 51,15,26,29,30,42,51
2023-08-30,07 09 19 41 48 53,7,9,19,41,48,53
2023-09-02,13 37 40 45 47 52,13,37,40,45,47,52
2023-09-06,08 10 19 23 26 43,8,10,19,23,26,43
2023-09-09,01 09 23 52 53 57,1,9,23,52,53,57
2023-09-13,12 17 33 38 50 59,12,17,33,38,50,59
2023-09-16,16 20 37 40 48 49,16,20,37,40,48,49
2023-09-20,01 16 20 23 34 45,1,16,20,23,34,45
2023-09-23,06 25 35 41 53 57,6,25,35,41,53,57
2023-09-27,02 07 13 15 27 42,2,7,13,15,27,42
2023-09-30,23 31 37 49 51 57,23,31,37,49,51,57
2023-10-04,04 22 28 30 35 47,4,22,28,30,35,47
2023-10-07,26 34 41 43 55 57,26,34,41,43,55,57
2023-10-11,11 12 16 25 41 49,11,12,16,25,41,49
2023-10-14,06 19 28 31 34 46,6,19,28,31,34,46
2023-10-18,08 24 27 28 50 59,8,24,27,28,50,59
2023-10-21,18 25 27 30 48 53,18,25,27,30,48,53
2023-10-25,01 29 44 46 50 57,1,29,44,46,50,57
2023-10-28,31 32 38 51 57 58,31,32,38,51,57,58
2023-11-01,02 20 35 38 39 47,2,20,35,38,39,47
2023-11-04,06 13 16 21 35 40,6,13,16,21,35,40
2023-11-08,01 04 16 24 27 35,1,4,16,24,27,35
2023-11-11,26 29 41 43 44 50,26,29,41,43,44,50
2023-11-15,03 15 19 37 38 51,3,15,19,37,38,51
2023-11-18,04 13 27 28 40 42,4,13,27,28,40,42
2023-11-22,08 15 20 28 38 59,8,15,20,28,38,59
2023-11-25,12 18 29 34 48 56,12,18,29,34,48,56
2023-11-29,20 21 36 41 54 59,20,21,36,41,54,59
2023-12-02,06 10 31 48 52 54,6,10,31,48,52,54
2023-12-06,16 19 35 37 39 54,16,19,35,37,39,54
2023-12-09,04 12 13 18 21 42,4,12,13,18,21,42
2023-12-13,10 17 22 40 47 50,10,17,22,40,47,50
2023-12-16,04 10 19 29 34 42,4,10,19,29,34,42
2023-12-20,03 22 30 34 47 55,3,22,30,34,47,55
2023-12-23,03 08 20 21 55 59,3,8,20,21,55,59
2023-12-27,03 06 19 26 37 54,3,6,19,26,37,54
2023-12-30,07 13 17 20 51 59,7,13,17,20,51,59
2024-01-03,12 15 16 34 40 58,12,15,16,34,40,58
2024-01-06,01 10 19 22 32 50,1,10,19,22,32,50
2024-01-10,39 41 42 44 47 53,39,41,42,44,47,53
2024-01-13,13 15 20 38 45 46,13,15,20,38,45,46
2024-01-17,05 13 31 35 36 37,5,13,31,35,36,37
2024-01-20,03 04 07 19 20 52,3,4,7,19,20,52
2024-01-24,06 10 20 26 28 45,6,10,20,26,28,45
2024-01-27,02 05 14 24 27 30,2,5,14,24,27,30
2024-01-31,15 16 17 20 25 53,15,16,17,20,25,53
2024-02-03,14 21 27 34 50 58,14,21,27,34,50,58
2024-02-07,21 40 42 44 53 55,21,40,42,44,53,55
2024-02-10,03 13 17 22 40 48,3,13,17,22,40,48
2024-02-14,03 23 41 42 44 54,3,23,41,42,44,54
2024-02-17,11 18 33 34 39 56,11,18,33,34,39,56
2024-02-21,10 28 32 33 35 39,10,28,32,33,35,39
2024-02-24,04 07 18 19 32 53,4,7,18,19,32,53
2024-02-28,09 10 11 35 44 59,9,10,11,35,44,59
2024-03-02,01 13 16 37 47 50,1,13,16,37,47,50
2024-03-06,02 10 28 30 39 52,2,10,28,30,39,52
2024-03-09,02 19 23 28 37 48,2,19,23,28,37,48
2024-03-13,04 11 15 18 39 46,4,11,15,18,39,46
2024-03-16,03 08 22 27 40 41,3,8,22,27,40,41
2024-03-20,02 12 46 51 53 55,2,12,46,51,53,55
2024-03-23,06 20 38 48 52 54,6,20,38,48,52,54
2024-03-27,05 07 24 32 45 58,5,7,24,32,45,58
2024-03-30,08 27 28 32 45 51,8,27,28,32,45,51
2024-04-03,07 11 28 29 30 46,7,11,28,29,30,46
2024-04-06,10 25 38 51 52 56,10,25,38,51,52,56
2024-04-10,04 31 43 46 49 51,4,31,43,46,49,51
2024-04-13,01 16 18 33 51 57,1,16,18,33,51,57
2024-04-17,08 25 27 31 34 45,8,25,27,31,34,45
2024-04-20,01 04 14 28 31 58,1,4,14,28,31,58
2024-04-24,11 32 38 41 52 57,11,32,38,41,52,57
2024-04-27,18 22 33 37 54 57,18,22,33,37,54,57
2024-05-01,03 06 12 19 42 47,3,6,12,19,42,47
2024-05-04,35 45 46 50 52 56,35,45,46,50,52,56
2024-05-08,04 05 12 23 39 57,4,5,12,23,39,57
2024-05-11,10 12 14 24 31 39,10,12,14,24,31,39
2024-05-15,10 36 39 40 50 52,10,36,39,40,50,52
2024-05-18,01 14 24 30 38 51,1,14,24,30,38,51
2024-05-22,09 21 25 28 42 56,9,21,25,28,42,56
2024-05-25,22 23 40 45 53 57,22,23,40,45,53,57
2024-05-29,16 19 24 27 30 57,16,19,24,27,30,57
2024-06-01,15 20 36 41 51 52,15,20,36,41,51,52
2024-06-05,17 20 30 50 51 57,17,20,30,50,51,57
2024-06-08,07 13 14 15 18 35,7,13,14,15,18,35
2024-06-12,12 16 26 37 45 46,12,16,26,37,45,46
2024-06-15,08 12 39 51 52 56,8,12,39,51,52,56
2024-06-19,02 08 09 29 39 49,2,8,9,29,39,49
2024-06-22,05 13 34 40 45 57,5,13,34,40,45,57
2024-06-26,25 27 43 45 48 51,25,27,43,45,48,51
2024-06-29,15 23 35 42 54 57,15,23,35,42,54,57
2024-07-03,12 28 31 36 47 48,12,28,31,36,47,48
2024-07-06,14 25 39 41 48 56,14,25,39,41,48,56
2024-07-10,06 08 12 19 20 51,6,8,12,19,20,51
2024-07-13,06 09 19 24 27 41,6,9,19,24,27,41
2024-07-17,03 33 38 45 52 58,3,33,38,45,52,58
2024-07-20,13 14 16 19 22 25,13,14,16,19,22,25
2024-07-24,08 21 25 32 33 49,8,21,25,32,33,49
2024-07-27,02 04 06 13 46 51,2,4,6,13,46,51
2024-07-31,05 12 25 51 54 59,5,12,25,51,54,59
2024-08-03,11 28 30 44 47 59,11,28,30,44,47,59
2024-08-07,02 09 20 22 32 46,2,9,20,22,32,46
2024-08-10,09 29 38 40 48 57,9,29,38,40,48,57
2024-08-14,03 10 14 22 24 46,3,10,14,22,24,46
2024-08-17,11 22 30 37 43 46,11,22,30,37,43,46
2024-08-21,08 15 17 20 22 48,8,15,17,20,22,48
2024-08-24,03 11 20 38 52 57,3,11,20,38,52,57
2024-08-28,03 33 34 46 54 59,3,33,34,46,54,59
2024-08-31,06 15 26 41 55 56,6,15,26,41,55,56
2024-09-04,01 07 31 32 42 52,1,7,31,32,42,52
2024-09-07,03 35 42 51 55 58,3,35,42,51,55,58
2024-09-11,03 18 19 41 53 57,3,18,19,41,53,57
2024-09-14,01 05 07 15 31 41,1,5,7,15,31,41
2024-09-18,08 36 39 52 54 55,8,36,39,52,54,55
2024-09-21,01 08 18 41 48 57,1,8,18,41,48,57
2024-09-25,01 09 36 46 51 56,1,9,36,46,51,56
2024-09-28,15 27 29 41 42 50,15,27,29,41,42,50
2024-10-02,02 38 39 42 48 51,2,38,39,42,48,51
2024-10-05,10 33 34 39 41 46,10,33,34,39,41,46
2024-10-09,09 17 18 29 32 40,9,17,18,29,32,40
2024-10-12,09 10 16 31 35 50,9,10,16,31,35,50
2024-10-16,23 39 41 51 54 56,23,39,41,51,54,56
2024-10-19,09 21 22 47 52 53,9,21,22,47,52,53
2024-10-23,08 12 32 35 42 45,8,12,32,35,42,45
2024-10-26,02 18 24 35 49 50,2,18,24,35,49,50
2024-10-30,12 20 26 38 52 58,12,20,26,38,52,58
2024-11-02,06 34 42 44 45 51,6,34,42,44,45,51
2024-11-06,01 07 27 40 52 59,1,7,27,40,52,59
2024-11-09,03 09 15 29 48 49,3,9,15,29,48,49
2024-11-13,11 15 38 44 46 55,11,15,38,44,46,55
2024-11-16,05 29 36 47 55 57,5,29,36,47,55,57
2024-11-20,03 04 52 53 57 58,3,4,52,53,57,58
2024-11-23,10 14 29 36 41 55,10,14,29,36,41,55
2024-11-27,11 27 34 35 42 51,11,27,34,35,42,51
2024-11-30,07 22 30 32 40 48,7,22,30,32,40,48
2024-12-04,27 35 41 46 47 55,27,35,41,46,47,55
2024-12-07,04 14 30 31 54 58,4,14,30,31,54,58
2024-12-11,11 18 25 38 48 56,11,18,25,38,48,56
2024-12-14,09 11 19 42 49 59,9,11,19,42,49,59
2024-12-18,10 17 24 26 44 53,10,17,24,26,44,53
2024-12-21,02 08 11 33 45 47,2,8,11,33,45,47
2024-12-25,03 20 33 34 54 55,3,20,33,34,54,55
2024-12-28,12 13 19 30 41 48,12,13,19,30,41,48
2025-01-01,05 20 23 34 46 48,5,20,23,34,46,48
2025-01-04,10 13 38 42 49 54,10,13,38,42,49,54
2025-01-08,04 14 22 36 42 57,4,14,22,36,42,57
2025-01-11,04 11 16 19 26 58,4,11,16,19,26,58
2025-01-15,04 06 28 34 40 50,4,6,28,34,40,50
2025-01-18,02 03 13 36 43 50,2,3,13,36,43,50
2025-01-22,04 15 28 31 46 47,4,15,28,31,46,47
2025-01-25,05 21 23 25 31 33,5,21,23,25,31,33
2025-01-29,01 03 04 13 15 18,1,3,4,13,15,18
2025-02-01,19 29 31 42 51 52,19,29,31,42,51,52
2025-02-05,01 07 09 20 43 58,1,7,9,20,43,58
2025-02-08,01 12 41 51 52 55,1,12,41,51,52,55
2025-02-12,30 31 32 39 41 43,30,31,32,39,41,43
2025-02-15,11 13 18 31 48 57,11,13,18,31,48,57
